id,name,contact
1,Sneha Yadav,sneha.yadav93@yahoo.com
2,Priya Patel,priya.patel89@yahoo.com
3,Vikas Kumar,vikas.kumar16@outlook.com
4,Priya Singh,priya.singh90@gmail.com
5,Vikas Yadav,vikas.yadav18@yahoo.com
6,Rahul Sharma,rahul.sharma25@gmail.com
7,Rahul Mehta,rahul.mehta82@yahoo.com
8,Amit Agarwal,amit.agarwal64@outlook.com
9,Ananya Gupta,ananya.gupta79@outlook.com
10,Rohan Gupta,rohan.gupta72@yahoo.com
11,Karan Kumar,karan.kumar28@yahoo.com
12,Priya Kumar,priya.kumar17@yahoo.com
13,Rohan Patel,rohan.patel37@yahoo.com
14,Sneha Patel,sneha.patel6@outlook.com
15,Priya Agarwal,priya.agarwal20@yahoo.com
16,Sneha Sharma,sneha.sharma27@gmail.com
17,Ananya Yadav,ananya.yadav19@gmail.com
18,Neha Kumar,neha.kumar82@gmail.com
19,Karan Yadav,karan.yadav17@gmail.com
20,Amit Mehta,amit.mehta53@gmail.com
21,Karan Kumar,karan.kumar65@gmail.com
22,Karan Yadav,karan.yadav81@outlook.com
23,Rohan Sharma,rohan.sharma66@yahoo.com
24,Neha Yadav,neha.yadav33@gmail.com
25,Ananya Yadav,ananya.yadav21@outlook.com
26,Ananya Kumar,ananya.kumar91@yahoo.com
27,Priya Mehta,priya.mehta13@gmail.com
28,Amit Gupta,amit.gupta83@outlook.com
29,Priya Agarwal,priya.agarwal66@gmail.com
30,Amit Verma,amit.verma36@yahoo.com
31,Karan Yadav,karan.yadav54@yahoo.com
32,Sneha Mehta,sneha.mehta43@outlook.com
33,Amit Jain,amit.jain16@outlook.com
34,Rohan Patel,rohan.patel69@gmail.com
35,Karan Mehta,karan.mehta97@gmail.com
36,Rohan Verma,rohan.verma96@gmail.com
37,Karan Verma,karan.verma14@yahoo.com
38,Sneha Mehta,sneha.mehta3@outlook.com
39,Pooja Kumar,pooja.kumar29@gmail.com
40,Sneha Kumar,sneha.kumar60@yahoo.com
41,Neha Gupta,neha.gupta98@outlook.com
42,Amit Agarwal,amit.agarwal96@yahoo.com
43,Rohan Sharma,rohan.sharma13@gmail.com
44,Priya Yadav,priya.yadav73@gmail.com
45,Ananya Gupta,ananya.gupta83@gmail.com
46,Rahul Kumar,rahul.kumar90@outlook.com
47,Pooja Sharma,pooja.sharma91@yahoo.com
48,Priya Yadav,priya.yadav9@outlook.com
49,Rahul Mehta,rahul.mehta70@yahoo.com
50,Amit Mehta,amit.mehta3@outlook.com
51,Rahul Yadav,rahul.yadav7@outlook.com
52,Rohan Sharma,rohan.sharma79@gmail.com
53,Sneha Gupta,sneha.gupta16@gmail.com
54,Karan Mehta,karan.mehta7@gmail.com
55,Priya Agarwal,priya.agarwal65@yahoo.com
56,Priya Gupta,priya.gupta91@gmail.com
57,Priya Agarwal,priya.agarwal89@yahoo.com
58,Rohan Singh,rohan.singh28@gmail.com
59,Amit Agarwal,amit.agarwal22@yahoo.com
60,Sneha Gupta,sneha.gupta16@yahoo.com
61,Amit Yadav,amit.yadav79@gmail.com
62,Vikas Patel,vikas.patel91@yahoo.com
63,Ananya Verma,ananya.verma2@outlook.com
64,Neha Singh,neha.singh98@yahoo.com
65,Ananya Kumar,ananya.kumar52@yahoo.com
66,Ananya Jain,ananya.jain31@gmail.com
67,Rahul Jain,rahul.jain85@gmail.com
68,Priya Jain,priya.jain23@yahoo.com
69,Pooja Singh,pooja.singh36@outlook.com
70,Rohan Jain,rohan.jain58@yahoo.com
71,Vikas Verma,vikas.verma85@outlook.com
72,Ananya Patel,ananya.patel26@outlook.com
73,Rohan Agarwal,rohan.agarwal19@gmail.com
74,Pooja Mehta,pooja.mehta94@gmail.com
75,Amit Gupta,amit.gupta31@outlook.com
76,Neha Mehta,neha.mehta98@gmail.com
77,Karan Kumar,karan.kumar35@gmail.com
78,Priya Sharma,priya.sharma12@yahoo.com
79,Amit Agarwal,amit.agarwal25@yahoo.com
80,Sneha Patel,sneha.patel33@outlook.com
81,Ananya Agarwal,ananya.agarwal3@yahoo.com
82,Rohan Sharma,rohan.sharma32@outlook.com
83,Priya Agarwal,priya.agarwal81@yahoo.com
84,Vikas Singh,vikas.singh50@yahoo.com
85,Vikas Patel,vikas.patel39@outlook.com
86,Rahul Verma,rahul.verma11@yahoo.com
87,Rahul Verma,rahul.verma81@outlook.com
88,Priya Verma,priya.verma96@gmail.com
89,Pooja Kumar,pooja.kumar48@yahoo.com
90,Priya Jain,priya.jain78@gmail.com
91,Pooja Patel,pooja.patel13@yahoo.com
92,Ananya Verma,ananya.verma14@outlook.com
93,Vikas Kumar,vikas.kumar42@yahoo.com
94,Vikas Agarwal,vikas.agarwal2@gmail.com
95,Neha Yadav,neha.yadav94@yahoo.com
96,Karan Yadav,karan.yadav22@gmail.com
97,Neha Gupta,neha.gupta89@outlook.com
98,Pooja Gupta,pooja.gupta18@gmail.com
99,Amit Verma,amit.verma21@outlook.com
100,Amit Agarwal,amit.agarwal51@yahoo.com
